18-Mar,20-Mar,25-Mar,27-Mar,1-Apr,3-Apr
313A,213F,213F,x,213F,213F
313B,313A,313A,x,313A,313A
313C,313B,313B,x,313B,313B
313D,313D,313C,x,313C,313C
313E,313E,313D,x,313D,313D
400,313F,313E,x,313E,313E
406,400,313F,x,313F,313F
407,406,400,x,400,400
408,407,406,x,406,407
409,408,407,x,407,408
410,409,408,x,408,409
411,410,409,x,409,410
,,,,,
8-Apr,10-Apr,15-Apr,17-Apr,22-Apr,24-Apr
213F,213F,213F,213F,213F,213F
313A,313A,313A,313A,313A,313A
313B,313B,313B,313B,313B,313B
313C,313C,313C,313C,313C,313C
313D,313D,313D,313D,313D,313D
313E,313E,313E,313E,313E,313E
313F,313F,313F,313F,313F,313F
400,400,400,400,400,400
406,407,406,407,406,407
407,408,407,408,407,408
408,409,408,409,408,409
409,410,409,410,409,410
